<?xml version="1.0" encoding="UTF-8"?>
<project-private xmlns="http://www.netbeans.org/ns/project-private/1">
    <editor-bookmarks xmlns="http://www.netbeans.org/ns/editor-bookmarks/2" lastBookmarkId="0"/>
    <open-files xmlns="http://www.netbeans.org/ns/projectui-open-files/2">
        <group>
            <file>file:/C:/Users/carld/OneDrive/Documents/NetBeansProjects/LoginAndSignUp/src/ngITi_main/service3.java</file>
            <file>file:/C:/Users/carld/OneDrive/Documents/NetBeansProjects/LoginAndSignUp/src/ngITi_main/PatHist.java</file>
            <file>file:/C:/Users/carld/OneDrive/Documents/NetBeansProjects/LoginAndSignUp/src/ngITi_main/OverviewPage.java</file>
            <file>file:/C:/Users/carld/OneDrive/Documents/NetBeansProjects/LoginAndSignUp/src/ngITi_main/AppListPage.java</file>
            <file>file:/C:/Users/carld/OneDrive/Documents/NetBeansProjects/LoginAndSignUp/src/ngITi_main/PatientListPage.java</file>
            <file>file:/C:/Users/carld/OneDrive/Documents/NetBeansProjects/LoginAndSignUp/src/ngITi_main/PaymentsPage.java</file>
            <file>file:/C:/Users/carld/OneDrive/Documents/NetBeansProjects/LoginAndSignUp/src/ngITi_main/showDen.java</file>
            <file>file:/C:/Users/carld/OneDrive/Documents/NetBeansProjects/LoginAndSignUp/src/ngITi_main/dentist2.java</file>
        </group>
    </open-files>
</project-private>
